<publishData>
  <publishTarget publishUrl="http://localhost/">
    <file relUrl="bin/WcfService1.pdb" publishTime="09/08/2008 14:42:48" />
    <file relUrl="Service2.svc" publishTime="09/08/2008 14:39:01" />
    <file relUrl="bin/WcfService1.dll" publishTime="09/08/2008 14:42:48" />
    <file relUrl="Service1.svc" publishTime="09/05/2008 14:33:33" />
    <file relUrl="Web.config" publishTime="09/08/2008 14:41:24" />
  </publishTarget>
  <publishTarget publishUrl="http://localhost/wcf/">
    <file relUrl="Service1.svc.cs" publishTime="09/05/2008 14:33:34" />
    <file relUrl="WcfService1.csproj.user" publishTime="09/08/2008 14:27:31" />
    <file relUrl="Service1.svc" publishTime="09/05/2008 14:33:33" />
    <file relUrl="IService1.cs" publishTime="09/08/2008 13:32:32" />
    <file relUrl="Web.config" publishTime="09/08/2008 14:41:24" />
    <file relUrl="App_Data/MyModule.cs" publishTime="09/08/2008 14:30:41" />
    <file relUrl="Service2.svc.cs" publishTime="09/08/2008 14:28:39" />
    <file relUrl="bin/WcfService1.pdb" publishTime="09/08/2008 14:42:48" />
    <file relUrl="WcfService1.csproj" publishTime="09/08/2008 14:27:31" />
    <file relUrl="IService2.cs" publishTime="09/08/2008 14:26:50" />
    <file relUrl="bin/WcfService1.dll" publishTime="09/08/2008 14:42:48" />
    <file relUrl="Service2.svc" publishTime="09/08/2008 14:39:01" />
    <file relUrl="Properties/AssemblyInfo.cs" publishTime="09/05/2008 14:33:34" />
  </publishTarget>
</publishData>